group_ID,FirstDealDuration,TotalNumRepair,TotalAmountRepair,AvgAmountRepair,TotalNumNormalMaintain,TotalAmountNormalMaintain,AvgAmountNormalMaintain,NormalMaintainInterval,PotentialValue,LoyaltyIndex,DropoutProbability
0,0.32645344482,0.0141568078661,-0.0949696680045,-0.085985494036,0.537399175469,0.206149611132,0.302383142301,-0.89135562375,0.0868616748771,0.556669713791,-0.328346745052
1,-0.314887400387,-0.233130020987,-0.187236622457,-0.130481273655,-0.620580594112,-0.443024976711,-0.365137707357,0.740571544056,-0.283917307368,-0.408022651109,0.325227037132
2,-0.0264152934051,0.737723334856,5.15836235715,5.4545917802,-0.057224516567,0.0283198266109,0.0448261768924,0.00328841114553,0.381194019936,0.0169588232623,0.0646900986072
3,0.861246982583,1.74205142059,0.81773835476,0.198531796524,2.30498611324,2.64292517471,1.4147758907,-1.30318094339,1.85803274634,0.33796607481,-0.949769027389
